Program Version:,EnergyPlus, Version 8.7.0-78a111df4a, YMD=2017.07.19 23:19
Tabular Output Report in Format: ,Comma

Building:,MM_split_NVtemperature
Environment:,RUN PERIOD 1 ** São Paulo SP BRA INMET WMO#=837810

----------------------------------------------------------------------------------------------------
REPORT:,Annual Building Utility Performance Summary
FOR:,Entire Facility
Values gathered over       744.00 hours
WARNING: THE REPORT DOES NOT REPRESENT A FULL ANNUAL SIMULATION.

Site and Source Energy

,,Total Energy [kWh],Energy Per Total Building Area [kWh/m2],Energy Per Conditioned Building Area [kWh/m2]
,Total Site Energy,370.75,9.27,9.27
,Net Site Energy,370.75,9.27,9.27
,Total Source Energy,370.75,9.27,9.27
,Net Source Energy,370.75,9.27,9.27


Site to Source Energy Conversion Factors

,,Site=>Source Conversion Factor
,Electricity,1.000
,Natural Gas,1.084
,District Cooling,0.333
,District Heating,3.613
,Steam,0.250
,Gasoline,1.050
,Diesel,1.050
,Coal,1.050
,Fuel Oil #1,1.050
,Fuel Oil #2,1.050
,Propane,1.050
,Other Fuel 1,1.000
,Other Fuel 2,1.000


Building Area

,,Area [m2]
,Total Building Area,40.00
,Net Conditioned Building Area,40.00
,Unconditioned Building Area,0.00


End Uses

,,Electricity [kWh],Natural Gas [kWh],Additional Fuel [kWh],District Cooling [kWh],District Heating [kWh],Water [m3]
,Heating,0.00,0.00,0.00,0.00,0.00,0.00
,Cooling,132.85,0.00,0.00,0.00,0.00,0.00
,Interior Lighting,123.38,0.00,0.00,0.00,0.00,0.00
,Exterior Lighting,0.00,0.00,0.00,0.00,0.00,0.00
,Interior Equipment,104.77,0.00,0.00,0.00,0.00,0.00
,Exterior Equipment,0.00,0.00,0.00,0.00,0.00,0.00
,Fans,9.75,0.00,0.00,0.00,0.00,0.00
,Pumps,0.00,0.00,0.00,0.00,0.00,0.00
,Heat Rejection,0.00,0.00,0.00,0.00,0.00,0.00
,Humidification,0.00,0.00,0.00,0.00,0.00,0.00
,Heat Recovery,0.00,0.00,0.00,0.00,0.00,0.00
,Water Systems,0.00,0.00,0.00,0.00,0.00,0.00
,Refrigeration,0.00,0.00,0.00,0.00,0.00,0.00
,Generators,0.00,0.00,0.00,0.00,0.00,0.00
,,,,,,,
,Total End Uses,370.75,0.00,0.00,0.00,0.00,0.00


End Uses By Subcategory

,,Subcategory,Electricity [kWh],Natural Gas [kWh],Additional Fuel [kWh],District Cooling [kWh],District Heating [kWh],Water [m3]
,Heating,General,0.00,0.00,0.00,0.00,0.00,0.00
,Cooling,General,132.85,0.00,0.00,0.00,0.00,0.00
,Interior Lighting,General,123.38,0.00,0.00,0.00,0.00,0.00
,Exterior Lighting,General,0.00,0.00,0.00,0.00,0.00,0.00
,Interior Equipment,General,104.77,0.00,0.00,0.00,0.00,0.00
,Exterior Equipment,General,0.00,0.00,0.00,0.00,0.00,0.00
,Fans,General,9.75,0.00,0.00,0.00,0.00,0.00
,Pumps,General,0.00,0.00,0.00,0.00,0.00,0.00
,Heat Rejection,General,0.00,0.00,0.00,0.00,0.00,0.00
,Humidification,General,0.00,0.00,0.00,0.00,0.00,0.00
,Heat Recovery,General,0.00,0.00,0.00,0.00,0.00,0.00
,Water Systems,General,0.00,0.00,0.00,0.00,0.00,0.00
,Refrigeration,General,0.00,0.00,0.00,0.00,0.00,0.00
,Generators,General,0.00,0.00,0.00,0.00,0.00,0.00


Normalized Metrics
Utility Use Per Conditioned Floor Area

,,Electricity Intensity [kWh/m2],Natural Gas Intensity [kWh/m2],Additional Fuel Intensity [kWh/m2],District Cooling Intensity [kWh/m2],District Heating Intensity [kWh/m2],Water Intensity [m3/m2]
,Lighting,3.08,0.00,0.00,0.00,0.00,0.00
,HVAC,3.56,0.00,0.00,0.00,0.00,0.00
,Other,2.62,0.00,0.00,0.00,0.00,0.00
,Total,9.27,0.00,0.00,0.00,0.00,0.00


Utility Use Per Total Floor Area

,,Electricity Intensity [kWh/m2],Natural Gas Intensity [kWh/m2],Additional Fuel Intensity [kWh/m2],District Cooling Intensity [kWh/m2],District Heating Intensity [kWh/m2],Water Intensity [m3/m2]
,Lighting,3.08,0.00,0.00,0.00,0.00,0.00
,HVAC,3.56,0.00,0.00,0.00,0.00,0.00
,Other,2.62,0.00,0.00,0.00,0.00,0.00
,Total,9.27,0.00,0.00,0.00,0.00,0.00


Electric Loads Satisfied

,,Electricity [kWh],Percent Electricity [%]
,Fuel-Fired Power Generation,0.000,0.00
,High Temperature Geothermal*,0.000,0.00
,Photovoltaic Power,0.000,0.00
,Wind Power,0.000,0.00
,Power Conversion,0.000,0.00
,Net Decrease in On-Site Storage,0.000,0.00
,Total On-Site Electric Sources,0.000,0.00
,,,
,Electricity Coming From Utility,370.748,100.00
,Surplus Electricity Going To Utility,0.000,0.00
,Net Electricity From Utility,370.748,100.00
,,,
,Total On-Site and Utility Electric Sources,370.748,100.00
,Total Electricity End Uses,370.748,100.00


On-Site Thermal Sources

,,Heat [kWh],Percent Heat [%]
,Water-Side Heat Recovery,0.00,
,Air to Air Heat Recovery for Cooling,0.00,
,Air to Air Heat Recovery for Heating,0.00,
,High-Temperature Geothermal*,0.00,
,Solar Water Thermal,0.00,
,Solar Air Thermal,0.00,
,Total On-Site Thermal Sources,0.00,


Water Source Summary

,,Water [m3],Percent Water [%]
,Rainwater Collection,0.00,-
,Condensate Collection,0.00,-
,Groundwater Well,0.00,-
,Total On Site Water Sources,0.00,-
,-,-,-
,Initial Storage,0.00,-
,Final Storage,0.00,-
,Change in Storage,0.00,-
,-,-,-
,Water Supplied by Utility,0.00,-
,-,-,-
,Total On Site, Change in Storage, and Utility Water Sources,0.00,-
,Total Water End Uses,0.00,-


Setpoint Not Met Criteria

,,Degrees [deltaC]
,Tolerance for Zone Heating Setpoint Not Met Time,0.20
,Tolerance for Zone Cooling Setpoint Not Met Time,0.20


Comfort and Setpoint Not Met Summary

,,Facility [Hours]
,Time Setpoint Not Met During Occupied Heating,0.00
,Time Setpoint Not Met During Occupied Cooling,29.50
,Time Not Comfortable Based on Simple ASHRAE 55-2004,141.00


Note 1: An asterisk (*) indicates that the feature is not yet implemented.
----------------------------------------------------------------------------------------------------
REPORT:,Input Verification and Results Summary
FOR:,Entire Facility
General

,,Value
,Program Version and Build,EnergyPlus, Version 8.7.0-78a111df4a, YMD=2017.07.19 23:19
,RunPeriod,RUN PERIOD 1
,Weather File,São Paulo SP BRA INMET WMO#=837810
,Latitude [deg],-23.9
,Longitude [deg],-46.6
,Elevation [m],792.00
,Time Zone,-3.0
,North Axis Angle [deg],0.00
,Rotation for Appendix G [deg],0.00
,Hours Simulated [hrs],744.00


ENVELOPE
Window-Wall Ratio

,,Total,North (315 to 45 deg),East (45 to 135 deg),South (135 to 225 deg),West (225 to 315 deg)
,Gross Wall Area [m2],35.10,0.00,13.50,21.60,0.00
,Above Ground Wall Area [m2],35.10,0.00,13.50,21.60,0.00
,Window Opening Area [m2],10.53,0.00,4.05,6.48,0.00
,Gross Window-Wall Ratio [%],30.00,0.00,30.00,30.00,0.00
,Above Ground Window-Wall Ratio [%],30.00,0.00,30.00,30.00,0.00


Conditioned Window-Wall Ratio

,,Total,North (315 to 45 deg),East (45 to 135 deg),South (135 to 225 deg),West (225 to 315 deg)
,Gross Wall Area [m2],35.10,0.00,13.50,21.60,0.00
,Above Ground Wall Area [m2],35.10,0.00,13.50,21.60,0.00
,Window Opening Area [m2],10.53,0.00,4.05,6.48,0.00
,Gross Window-Wall Ratio [%],30.00,0.00,30.00,30.00,0.00
,Above Ground Window-Wall Ratio [%],30.00,0.00,30.00,30.00,0.00


Skylight-Roof Ratio

,,Total
,Gross Roof Area [m2],0.00
,Skylight Area [m2],0.00
,Skylight-Roof Ratio [%],0.00


PERFORMANCE
Zone Summary

,,Area [m2],Conditioned (Y/N),Part of Total Floor Area (Y/N),Volume [m3],Multipliers,Above Ground Gross Wall Area [m2],Underground Gross Wall Area [m2],Window Glass Area [m2],Opening Area [m2],Lighting [W/m2],People [m2 per person],Plug and Process [W/m2]
,ZN1,40.00,Yes,Yes,108.00,1.00,35.10,0.00,10.53,10.53,12.6000,7.14,10.7000
,Total,40.00,,,108.00,,35.10,0.00,10.53,10.53,12.6000,7.14,10.7000
,Conditioned Total,40.00,,,108.00,,35.10,0.00,10.53,10.53,12.6000,7.14,10.7000
,Unconditioned Total,0.00,,,0.00,,0.00,0.00,0.00,0.00,,,
,Not Part of Total,0.00,,,0.00,,0.00,0.00,0.00,0.00,,,


----------------------------------------------------------------------------------------------------
REPORT:,Demand End Use Components Summary
FOR:,Entire Facility
End Uses

,,Electricity [W],Natural Gas [W],Propane [W],District Cooling [W],Steam [W],Water [m3/s]
,Time of Peak,11-JAN-10:45,-,-,-,-,-
,Heating,0.00,0.00,0.00,0.00,0.00,0.00
,Cooling,1069.09,0.00,0.00,0.00,0.00,0.00
,Interior Lighting,504.00,0.00,0.00,0.00,0.00,0.00
,Exterior Lighting,0.00,0.00,0.00,0.00,0.00,0.00
,Interior Equipment,428.00,0.00,0.00,0.00,0.00,0.00
,Exterior Equipment,0.00,0.00,0.00,0.00,0.00,0.00
,Fans,77.02,0.00,0.00,0.00,0.00,0.00
,Pumps,0.00,0.00,0.00,0.00,0.00,0.00
,Heat Rejection,0.00,0.00,0.00,0.00,0.00,0.00
,Humidification,0.00,0.00,0.00,0.00,0.00,0.00
,Heat Recovery,0.00,0.00,0.00,0.00,0.00,0.00
,Water Systems,0.00,0.00,0.00,0.00,0.00,0.00
,Refrigeration,0.00,0.00,0.00,0.00,0.00,0.00
,Generators,0.00,0.00,0.00,0.00,0.00,0.00
,,,,,,,
,Total End Uses,2078.11,0.00,0.00,0.00,0.00,0.00


End Uses By Subcategory

,,Subcategory,Electricity [W],Natural Gas [W],Propane [W],District Cooling [W],Steam [W],Water [m3/s]
,Heating,General,0.00,0.00,0.00,0.00,0.00,0.00
,Cooling,General,1069.09,0.00,0.00,0.00,0.00,0.00
,Interior Lighting,General,504.00,0.00,0.00,0.00,0.00,0.00
,Exterior Lighting,General,0.00,0.00,0.00,0.00,0.00,0.00
,Interior Equipment,General,428.00,0.00,0.00,0.00,0.00,0.00
,Exterior Equipment,General,0.00,0.00,0.00,0.00,0.00,0.00
,Fans,General,77.02,0.00,0.00,0.00,0.00,0.00
,Pumps,General,0.00,0.00,0.00,0.00,0.00,0.00
,Heat Rejection,General,0.00,0.00,0.00,0.00,0.00,0.00
,Humidification,General,0.00,0.00,0.00,0.00,0.00,0.00
,Heat Recovery,General,0.00,0.00,0.00,0.00,0.00,0.00
,Water Systems,General,0.00,0.00,0.00,0.00,0.00,0.00
,Refrigeration,General,0.00,0.00,0.00,0.00,0.00,0.00
,Generators,General,0.00,0.00,0.00,0.00,0.00,0.00


----------------------------------------------------------------------------------------------------
REPORT:,Source Energy End Use Components Summary
FOR:,Entire Facility
Values gathered over       744.00 hours
WARNING: THE REPORT DOES NOT REPRESENT A FULL ANNUAL SIMULATION.

Source Energy End Use Components Summary

,,Source Electricity [kWh],Source Natural Gas [kWh],Source Additional Fuel [kWh],Source District Cooling [kWh],Source District Heating [kWh]
,Heating,0.00,0.00,0.00,0.00,0.00
,Cooling,132.85,0.00,0.00,0.00,0.00
,Interior Lighting,123.38,0.00,0.00,0.00,0.00
,Exterior Lighting,0.00,0.00,0.00,0.00,0.00
,Interior Equipment,104.77,0.00,0.00,0.00,0.00
,Exterior Equipment,0.00,0.00,0.00,0.00,0.00
,Fans,9.75,0.00,0.00,0.00,0.00
,Pumps,0.00,0.00,0.00,0.00,0.00
,Heat Rejection,0.00,0.00,0.00,0.00,0.00
,Humidification,0.00,0.00,0.00,0.00,0.00
,Heat Recovery,0.00,0.00,0.00,0.00,0.00
,Water Systems,0.00,0.00,0.00,0.00,0.00
,Refrigeration,0.00,0.00,0.00,0.00,0.00
,Generators,0.00,0.00,0.00,0.00,0.00
,,,,,,
,Total Source Energy End Use Components,370.75,0.00,0.00,0.00,0.00


Normalized Metrics
Source Energy End Use Components Per Conditioned Floor Area

,,Source Electricity [kWh/m2],Source Natural Gas [kWh/m2],Source Additional Fuel [kWh/m2],Source District Cooling [kWh/m2],Source District Heating [kWh/m2]
,Heating,0.00,0.00,0.00,0.00,0.00
,Cooling,3.32,0.00,0.00,0.00,0.00
,Interior Lighting,3.08,0.00,0.00,0.00,0.00
,Exterior Lighting,0.00,0.00,0.00,0.00,0.00
,Interior Equipment,2.62,0.00,0.00,0.00,0.00
,Exterior Equipment,0.00,0.00,0.00,0.00,0.00
,Fans,0.24,0.00,0.00,0.00,0.00
,Pumps,0.00,0.00,0.00,0.00,0.00
,Heat Rejection,0.00,0.00,0.00,0.00,0.00
,Humidification,0.00,0.00,0.00,0.00,0.00
,Heat Recovery,0.00,0.00,0.00,0.00,0.00
,Water Systems,0.00,0.00,0.00,0.00,0.00
,Refrigeration,0.00,0.00,0.00,0.00,0.00
,Generators,0.00,0.00,0.00,0.00,0.00
,,,,,,
,Total Source Energy End Use Components,9.27,0.00,0.00,0.00,0.00


Source Energy End Use Components Per Total Floor Area

,,Source Electricity [kWh/m2],Source Natural Gas [kWh/m2],Source Additional Fuel [kWh/m2],Source District Cooling [kWh/m2],Source District Heating [kWh/m2]
,Heating,0.00,0.00,0.00,0.00,0.00
,Cooling,3.32,0.00,0.00,0.00,0.00
,Interior Lighting,3.08,0.00,0.00,0.00,0.00
,Exterior Lighting,0.00,0.00,0.00,0.00,0.00
,Interior Equipment,2.62,0.00,0.00,0.00,0.00
,Exterior Equipment,0.00,0.00,0.00,0.00,0.00
,Fans,0.24,0.00,0.00,0.00,0.00
,Pumps,0.00,0.00,0.00,0.00,0.00
,Heat Rejection,0.00,0.00,0.00,0.00,0.00
,Humidification,0.00,0.00,0.00,0.00,0.00
,Heat Recovery,0.00,0.00,0.00,0.00,0.00
,Water Systems,0.00,0.00,0.00,0.00,0.00
,Refrigeration,0.00,0.00,0.00,0.00,0.00
,Generators,0.00,0.00,0.00,0.00,0.00
,,,,,,
,Total Source Energy End Use Components,9.27,0.00,0.00,0.00,0.00


----------------------------------------------------------------------------------------------------
REPORT:,Climatic Data Summary
FOR:,Entire Facility
SizingPeriod:DesignDay

,,Maximum Dry Bulb [C],Daily Temperature Range [deltaC],Humidity Value,Humidity Type,Wind Speed [m/s],Wind Direction
,SAO PAULO AEROPORTO ANN HTG 99.6% CONDNS DB,8.80,0.00,3.90,Dewpoint [C],2.30,160.00
,SAO PAULO AEROPORTO ANN CLG 1% CONDNS DB=>MWB,31.00,8.30,20.40,Wetbulb [C],3.40,330.00
,SAO PAULO AEROPORTO ANN CLG 1% CONDNS WB=>MDB,27.10,8.30,22.60,Wetbulb [C],3.40,330.00


Weather Statistics File

,,Value
,None,


----------------------------------------------------------------------------------------------------
REPORT:,Envelope Summary
FOR:,Entire Facility
Opaque Exterior

,,Construction,Reflectance,U-Factor with Film [W/m2-K],U-Factor no Film [W/m2-K],Gross Area [m2],Net Area [m2],Azimuth [deg],Tilt [deg],Cardinal Direction
,ZN1_PAR4,WALL,0.50,2.750,4.674,21.60,15.12,135.00,90.00,S
,ZN1_PAR1,WALL,0.50,2.750,4.674,13.50,9.45,45.00,90.00,E


Exterior Fenestration

,,Construction,Glass Area [m2],Frame Area [m2],Divider Area [m2],Area of One Opening [m2],Area of Multiplied Openings [m2],Glass U-Factor [W/m2-K],Glass SHGC,Glass Visible Transmittance,Frame Conductance [W/m2-K],Divider Conductance [W/m2-K],Shade Control,Parent Surface,Azimuth [deg],Tilt [deg],Cardinal Direction
,ZN1_PAR4_JAN,WINDOW,6.48,0.00,0.00,6.48,6.48,5.660,0.870,0.871,,,No,ZN1_PAR4,135.00,90.00,S
,ZN1_PAR1_JAN,WINDOW,4.05,0.00,0.00,4.05,4.05,5.660,0.870,0.871,,,No,ZN1_PAR1,45.00,90.00,E
,Total or Average,,,,,,10.53,5.660,0.870,0.871,,,,,,,
,North Total or Average,,,,,,0.00,-,-,-,,,,,,,
,Non-North Total or Average,,,,,,10.53,5.660,0.870,0.871,,,,,,,


Interior Fenestration

,,Construction,Area of One Opening [m2],Area of Openings [m2],Glass U-Factor [W/m2-K],Glass SHGC,Glass Visible Transmittance,Parent Surface
,Total or Average,,,0.00,-,-,-,


Exterior Door

,,Construction,U-Factor with Film [W/m2-K],U-Factor no Film [W/m2-K],Gross Area [m2],Parent Surface
,None,,,,,


----------------------------------------------------------------------------------------------------
REPORT:,Shading Summary
FOR:,Entire Facility
Sunlit Fraction

,,March 21 9am,March 21 noon,March 21 3pm,June 21 9am,June 21 noon,June 21 3pm,December 21 9am,December 21 noon,December 21 3pm
,None,,,,,,,,,


Window Control

,,Name,Type,Shaded Construction,Control,Glare Control
,None,,,,,


----------------------------------------------------------------------------------------------------
REPORT:,Lighting Summary
FOR:,Entire Facility
Interior Lighting

,,Zone,Lighting Power Density [W/m2],Zone Area [m2],Total Power [W],End Use Subcategory,Schedule Name,Scheduled Hours/Week [hr],Hours/Week > 1% [hr],Full Load Hours/Week [hr],Return Air Fraction,Conditioned (Y/N),Consumption [kWh]
,LIGHTS,ZN1,12.6000,40.00,504.00,General,SCH_LIGHT_EQUIP,55.65,60.06,55.28,0.3100,Y,123.38
,Interior Lighting Total,,12.6000,40.00,504.00,,,,,,,,123.38


Daylighting

,,Zone,Control Name,Daylighting Method,Control Type,Fraction Controlled,Lighting Installed in Zone [W],Lighting Controlled [W]
,None,,,,,,,


Exterior Lighting

,,Total Watts,Astronomical Clock/Schedule,Schedule Name,Scheduled Hours/Week [hr],Hours/Week > 1% [hr],Full Load Hours/Week [hr],Consumption [kWh]
,Exterior Lighting Total,0.00,,,,,,0.00


----------------------------------------------------------------------------------------------------
REPORT:,Equipment Summary
FOR:,Entire Facility
Central Plant

,,Type,Nominal Capacity [W],Nominal Efficiency [W/W],IPLV in SI Units [W/W],IPLV in IP Units [Btu/W-h]
,None,,,,,


Cooling Coils

,,Type,Design Coil Load [W],Nominal Total Capacity [W],Nominal Sensible Capacity [W],Nominal Latent Capacity [W],Nominal Sensible Heat Ratio,Nominal Efficiency [W/W],Nominal Coil UA Value [W/C],Nominal Coil Surface Area [m2]
,ZN1_HVAC COOLING COIL,Coil:Cooling:DX:SingleSpeed,,4649.68,3713.49,936.19,0.80,3.24,,
Nominal values are gross at rated conditions, i.e., the supply air fan heat and electric power NOT accounted for.


DX Cooling Coils

,,DX Cooling Coil Type,Standard Rated Net Cooling Capacity [W],Standard Rated Net COP [W/W],EER [Btu/W-h],SEER [Btu/W-h],IEER [Btu/W-h]
,ZN1_HVAC COOLING COIL,,4431.7,2.68,9.15,9.70,9.24
ANSI/AHRI ratings account for supply air fan heat and electric power.


DX Cooling Coil ASHRAE 127 Standard Ratings Report

,,DX Cooling Coil Type,Rated Net Cooling Capacity Test A [W],Rated Electric Power Test A [W],Rated Net Cooling Capacity Test B [W],Rated Electric Power Test B [W],Rated Net Cooling Capacity Test C [W],Rated Electric Power Test C [W],Rated Net Cooling Capacity Test D [W],Rated Electric Power Test D [W]
,ZN1_HVAC COOLING COIL,Coil:Cooling:DX:SingleSpeed,,,,,,,,


DX Heating Coils

,,DX Heating Coil Type,High Temperature Heating (net) Rating Capacity [W],Low Temperature Heating (net) Rating Capacity [W],HSPF [Btu/W-h],Region Number
,None,,,,,


Heating Coils

,,Type,Design Coil Load [W],Nominal Total Capacity [W],Nominal Efficiency [W/W]
,ZN1_HVAC HEATING COIL,Coil:Heating:Electric,,1386.40,1.00


Fans

,,Type,Total Efficiency [W/W],Delta Pressure [pa],Max Air Flow Rate [m3/s],Rated Electric Power [W],Rated Power Per Max Air Flow Rate [W-s/m3],Motor Heat In Air Fraction,End Use
,ZN1_HVAC SUPPLY FAN,Fan:OnOff,0.30,100.00,0.28,93.63,333.33,1.00,General


Pumps

,,Type,Control,Head [pa],Water Flow [m3/s],Electric Power [W],Power Per Water Flow Rate [W-s/m3],Motor Efficiency [W/W]
,None,,,,,,,


Service Water Heating

,,Type,Storage Volume [m3],Input [W],Thermal Efficiency [W/W],Recovery Efficiency [W/W],Energy Factor
,None,,,,,,


----------------------------------------------------------------------------------------------------
REPORT:,HVAC Sizing Summary
FOR:,Entire Facility
Zone Sensible Cooling

,,Calculated Design Load [W],User Design Load [W],User Design Load per Area [W/m2],Calculated Design Air Flow [m3/s],User Design Air Flow [m3/s],Design Day Name,Date/Time Of Peak {TIMESTAMP},Thermostat Setpoint Temperature at Peak Load [C],Indoor Temperature at Peak Load [C],Indoor Humidity Ratio at Peak Load [kgWater/kgAir],Outdoor Temperature at Peak Load [C],Outdoor Humidity Ratio at Peak Load [kgWater/kgAir],Minimum Outdoor Air Flow Rate [m3/s],Heat Gain Rate from DOAS [W]
,ZN1,3449.33,3449.33,86.23,0.281,0.281,SAO PAULO AEROPORTO ANN CLG 1% CONDNS DB=>MWB,2/21 10:15:00,25.00,24.99,0.00863,28.16,0.01222,0.026,0.00
The Design Load is the zone sensible load only. It does not include any system effects or ventilation loads.


Zone Sensible Heating

,,Calculated Design Load [W],User Design Load [W],User Design Load per Area [W/m2],Calculated Design Air Flow [m3/s],User Design Air Flow [m3/s],Design Day Name,Date/Time Of Peak {TIMESTAMP},Thermostat Setpoint Temperature at Peak Load [C],Indoor Temperature at Peak Load [C],Indoor Humidity Ratio at Peak Load [kgWater/kgAir],Outdoor Temperature at Peak Load [C],Outdoor Humidity Ratio at Peak Load [kgWater/kgAir],Minimum Outdoor Air Flow Rate [m3/s],Heat Gain Rate from DOAS [W]
,ZN1,1081.66,1081.66,27.04,0.032,0.032,SAO PAULO AEROPORTO ANN HTG 99.6% CONDNS DB,7/21 07:00:00,20.00,20.00,0.00758,8.80,0.00551,0.026,0.00
The Design Load is the zone sensible load only. It does not include any system effects or ventilation loads.


System Design Air Flow Rates

,,Calculated cooling [m3/s],User cooling [m3/s],Calculated heating [m3/s],User heating [m3/s]
,ZN1_HVAC,0.28,0.28,0.03,0.03


Plant Loop Coincident Design Fluid Flow Rate Adjustments

,,Previous Design Volume Flow Rate [m3/s],Algorithm Volume Flow Rate [m3/s],Coincident Design Volume Flow Rate [m3/s],Coincident Size Adjusted,Peak Sizing Period Name,Peak Day into Period {TIMESTAMP}[day],Peak Hour Of Day {TIMESTAMP}[hr],Peak Step Start Minute {TIMESTAMP}[min]
,None,,,,,,,,


----------------------------------------------------------------------------------------------------
REPORT:,System Summary
FOR:,Entire Facility
Economizer

,,High Limit Shutoff Control,Minimum Outdoor Air [m3/s],Maximum Outdoor Air [m3/s],Return Air Temp Limit,Return Air Enthalpy Limit,Outdoor Air Temperature Limit [C],Outdoor Air Enthalpy Limit [C]
,None,,,,,,,


Demand Controlled Ventilation using Controller:MechanicalVentilation

,,Controller:MechanicalVentilation Name,Outdoor Air Per Person [m3/s-person],Outdoor Air Per Area [m3/s-m2],Outdoor Air Per Zone [m3/s],Outdoor Air ACH [ach],Outdoor Air Method,Outdoor Air Schedule Name,Air Distribution Effectiveness in Cooling Mode,Air Distribution Effectiveness in Heating Mode,Air Distribution Effectiveness Schedule Name
,None,,,,,,,,,,


Time Not Comfortable Based on Simple ASHRAE 55-2004

,,Winter Clothes [hr],Summer Clothes [hr],Summer or Winter Clothes [hr]
,ZN1,259.25,146.50,141.00
,Facility,259.25,146.50,141.00
Aggregated over the RunPeriods for Weather


Time Setpoint Not Met

,,During Heating [hr],During Cooling [hr],During Occupied Heating [hr],During Occupied Cooling [hr]
,ZN1,27.50,225.25,0.00,29.50
,Facility,27.50,225.25,0.00,29.50
Aggregated over the RunPeriods for Weather


----------------------------------------------------------------------------------------------------
REPORT:,Outdoor Air Summary
FOR:,Entire Facility
Average Outdoor Air During Occupied Hours

,,Average Number of Occupants,Nominal Number of Occupants,Zone Volume [m3],Mechanical Ventilation [ach],Infiltration [ach],AFN Infiltration [ach],Simple Ventilation [ach]
,ZN1,5.23,5.60,108.00,0.362,0.000,0.577,0.000
Values shown for a single zone without multipliers


Minimum Outdoor Air During Occupied Hours

,,Average Number of Occupants,Nominal Number of Occupants,Zone Volume [m3],Mechanical Ventilation [ach],Infiltration [ach],AFN Infiltration [ach],Simple Ventilation [ach]
,ZN1,5.23,5.60,108.00,0.000,0.000,0.000,0.000
Values shown for a single zone without multipliers


----------------------------------------------------------------------------------------------------
REPORT:,Object Count Summary
FOR:,Entire Facility
Surfaces by Class

,,Total,Outdoors
,Wall,4,2
,Floor,1,0
,Roof,1,0
,Internal Mass,0,0
,Building Detached Shading,0,0
,Fixed Detached Shading,0,0
,Window,2,2
,Door,0,0
,Glass Door,0,0
,Shading,0,0
,Overhang,0,0
,Fin,0,0
,Tubular Daylighting Device Dome,0,0
,Tubular Daylighting Device Diffuser,0,0


HVAC

,,Count
,HVAC Air Loops,1
,Conditioned Zones,1
,Unconditioned Zones,0
,Supply Plenums,0
,Return Plenums,0


Input Fields

,,Count
,IDF Objects,129
,Defaulted Fields,32
,Fields with Defaults,469
,Autosized Fields,15
,Autosizable Fields,18
,Autocalculated Fields,8
,Autocalculatable Fields,17


----------------------------------------------------------------------------------------------------
REPORT:,Energy Meters
FOR:,Entire Facility
Annual and Peak Values - Electricity

,,Electricity Annual Value [kWh],Electricity Minimum Value [W],Timestamp of Minimum {TIMESTAMP},Electricity Maximum Value [W],Timestamp of Maximum {TIMESTAMP}
,Electricity:Facility,370.75,0.00,01-JAN-00:15,2078.11,11-JAN-10:45
,Electricity:Building,228.15,0.00,01-JAN-00:15,932.00,02-JAN-07:15
,Electricity:Zone:ZN1,228.15,0.00,01-JAN-00:15,932.00,02-JAN-07:15
,InteriorLights:Electricity,123.38,0.00,01-JAN-00:15,504.00,02-JAN-07:15
,InteriorLights:Electricity:Zone:ZN1,123.38,0.00,01-JAN-00:15,504.00,02-JAN-07:15
,General:InteriorLights:Electricity,123.38,0.00,01-JAN-00:15,504.00,02-JAN-07:15
,InteriorEquipment:Electricity,104.77,0.00,01-JAN-00:15,428.00,02-JAN-07:15
,InteriorEquipment:Electricity:Zone:ZN1,104.77,0.00,01-JAN-00:15,428.00,02-JAN-07:15
,General:InteriorEquipment:Electricity,104.77,0.00,01-JAN-00:15,428.00,02-JAN-07:15
,ElectricityPurchased:Facility,370.75,0.00,01-JAN-00:15,2078.11,11-JAN-10:45
,ElectricityPurchased:Plant,370.75,0.00,01-JAN-00:15,2078.11,11-JAN-10:45
,Cogeneration:ElectricityPurchased,370.75,0.00,01-JAN-00:15,2078.11,11-JAN-10:45
,ElectricitySurplusSold:Facility,0.00,0.00,01-JAN-00:15,0.00,01-JAN-00:15
,ElectricitySurplusSold:Plant,0.00,0.00,01-JAN-00:15,0.00,01-JAN-00:15
,Cogeneration:ElectricitySurplusSold,0.00,0.00,01-JAN-00:15,0.00,01-JAN-00:15
,ElectricityNet:Facility,370.75,0.00,01-JAN-00:15,2078.11,11-JAN-10:45
,ElectricityNet:Plant,370.75,0.00,01-JAN-00:15,2078.11,11-JAN-10:45
,Cogeneration:ElectricityNet,370.75,0.00,01-JAN-00:15,2078.11,11-JAN-10:45
,Electricity:HVAC,142.59,0.00,01-JAN-00:15,1146.11,11-JAN-10:45
,Fans:Electricity,9.75,0.00,01-JAN-00:15,77.67,11-JAN-10:15
,General:Fans:Electricity,9.75,0.00,01-JAN-00:15,77.67,11-JAN-10:15
,Heating:Electricity,0.00,0.00,01-JAN-00:15,0.00,01-JAN-00:15
,Cooling:Electricity,132.85,0.00,01-JAN-00:15,1069.09,11-JAN-10:45
,Electricity:Plant,0.00,0.00,01-JAN-00:15,0.00,01-JAN-00:15


Annual and Peak Values - Gas

,,Gas Annual Value [kWh],Gas Minimum Value [W],Timestamp of Minimum {TIMESTAMP},Gas Maximum Value [W],Timestamp of Maximum {TIMESTAMP}
,None,,,,,


Annual and Peak Values - Cooling

,,Cooling Annual Value [kWh],Cooling Minimum Value [W],Timestamp of Minimum {TIMESTAMP},Cooling Maximum Value [W],Timestamp of Maximum {TIMESTAMP}
,None,,,,,


Annual and Peak Values - Water

,,Annual Value [m3],Minimum Value [m3/s],Timestamp of Minimum {TIMESTAMP},Maximum Value [m3/s],Timestamp of Maximum {TIMESTAMP}
,None,,,,,


Annual and Peak Values - Other by Weight/Mass

,,Annual Value [kg],Minimum Value [kg/s],Timestamp of Minimum {TIMESTAMP},Maximum Value [kg/s],Timestamp of Maximum {TIMESTAMP}
,CO2:Facility,302901.30,0.000,01-JAN-00:15,0.472,11-JAN-10:45
,ElectricEmissions:CO2,302901.30,0.000,01-JAN-00:15,0.472,11-JAN-10:45
,CO:Facility,0.00,0.000,01-JAN-00:15,0.000,01-JAN-00:15
,ElectricEmissions:CO,0.00,0.000,01-JAN-00:15,0.000,01-JAN-00:15
,CH4:Facility,0.00,0.000,01-JAN-00:15,0.000,01-JAN-00:15
,ElectricEmissions:CH4,0.00,0.000,01-JAN-00:15,0.000,01-JAN-00:15
,NOx:Facility,0.00,0.000,01-JAN-00:15,0.000,01-JAN-00:15
,ElectricEmissions:NOx,0.00,0.000,01-JAN-00:15,0.000,01-JAN-00:15
,N2O:Facility,0.00,0.000,01-JAN-00:15,0.000,01-JAN-00:15
,ElectricEmissions:N2O,0.00,0.000,01-JAN-00:15,0.000,01-JAN-00:15
,SO2:Facility,0.00,0.000,01-JAN-00:15,0.000,01-JAN-00:15
,ElectricEmissions:SO2,0.00,0.000,01-JAN-00:15,0.000,01-JAN-00:15
,PM:Facility,0.00,0.000,01-JAN-00:15,0.000,01-JAN-00:15
,ElectricEmissions:PM,0.00,0.000,01-JAN-00:15,0.000,01-JAN-00:15
,PM10:Facility,0.00,0.000,01-JAN-00:15,0.000,01-JAN-00:15
,ElectricEmissions:PM10,0.00,0.000,01-JAN-00:15,0.000,01-JAN-00:15
,PM2.5:Facility,0.00,0.000,01-JAN-00:15,0.000,01-JAN-00:15
,ElectricEmissions:PM2.5,0.00,0.000,01-JAN-00:15,0.000,01-JAN-00:15
,NH3:Facility,0.00,0.000,01-JAN-00:15,0.000,01-JAN-00:15
,ElectricEmissions:NH3,0.00,0.000,01-JAN-00:15,0.000,01-JAN-00:15
,NMVOC:Facility,0.00,0.000,01-JAN-00:15,0.000,01-JAN-00:15
,ElectricEmissions:NMVOC,0.00,0.000,01-JAN-00:15,0.000,01-JAN-00:15
,Hg:Facility,0.00,0.000,01-JAN-00:15,0.000,01-JAN-00:15
,ElectricEmissions:Hg,0.00,0.000,01-JAN-00:15,0.000,01-JAN-00:15
,Pb:Facility,0.00,0.000,01-JAN-00:15,0.000,01-JAN-00:15
,ElectricEmissions:Pb,0.00,0.000,01-JAN-00:15,0.000,01-JAN-00:15
,Nuclear High:Facility,0.00,0.000,01-JAN-00:15,0.000,01-JAN-00:15
,ElectricEmissions:Nuclear High,0.00,0.000,01-JAN-00:15,0.000,01-JAN-00:15
,Carbon Equivalent:Facility,82601.19,0.000,01-JAN-00:15,0.129,11-JAN-10:45
,CarbonEquivalentEmissions:Carbon Equivalent,82601.19,0.000,01-JAN-00:15,0.129,11-JAN-10:45


Annual and Peak Values - Other Volumetric

,,Annual Value [m3],Minimum Value [m3/s],Timestamp of Minimum {TIMESTAMP},Maximum Value [m3/s],Timestamp of Maximum {TIMESTAMP}
,Nuclear Low:Facility,0.000,0.000,01-JAN-00:15,0.000,01-JAN-00:15
,ElectricEmissions:Nuclear Low,0.000,0.000,01-JAN-00:15,0.000,01-JAN-00:15


Annual and Peak Values - Other Liquid/Gas

,,Annual Value [L],Minimum Value [L],Timestamp of Minimum {TIMESTAMP},Maximum Value [L],Timestamp of Maximum {TIMESTAMP}
,WaterEnvironmentalFactors:Facility,0.000,0.000,01-JAN-00:15,0.000,01-JAN-00:15
,ElectricEmissions:WaterEnvironmentalFactors,0.000,0.000,01-JAN-00:15,0.000,01-JAN-00:15


Annual and Peak Values - Other

,,Annual Value [kWh],Minimum Value [W],Timestamp of Minimum {TIMESTAMP},Maximum Value [W],Timestamp of Maximum {TIMESTAMP}
,EnergyTransfer:Facility,831.36,0.00,01-JAN-00:15,6797.36,11-JAN-10:15
,EnergyTransfer:Building,352.85,0.00,01-JAN-00:15,2953.51,11-JAN-10:15
,EnergyTransfer:Zone:ZN1,352.85,0.00,01-JAN-00:15,2953.51,11-JAN-10:15
,Heating:EnergyTransfer,0.00,0.00,01-JAN-00:15,0.00,01-JAN-00:15
,Heating:EnergyTransfer:Zone:ZN1,0.00,0.00,01-JAN-00:15,0.00,01-JAN-00:15
,Cooling:EnergyTransfer,352.85,0.00,01-JAN-00:15,2953.51,11-JAN-10:15
,Cooling:EnergyTransfer:Zone:ZN1,352.85,0.00,01-JAN-00:15,2953.51,11-JAN-10:15
,EnergyTransfer:HVAC,478.51,0.00,01-JAN-00:15,3851.97,11-JAN-10:45
,HeatingCoils:EnergyTransfer,0.00,0.00,01-JAN-00:15,0.00,01-JAN-00:15
,CoolingCoils:EnergyTransfer,478.51,0.00,01-JAN-00:15,3851.97,11-JAN-10:45
,Source:Facility,741.50,0.00,01-JAN-00:15,4156.22,11-JAN-10:45
,ElectricEmissions:Source,370.75,0.00,01-JAN-00:15,2078.11,11-JAN-10:45
,PurchasedElectricEmissions:Source,370.75,0.00,01-JAN-00:15,2078.11,11-JAN-10:45
,SoldElectricEmissions:Source,0.00,0.00,01-JAN-00:15,0.00,01-JAN-00:15


----------------------------------------------------------------------------------------------------
REPORT:,Sensible Heat Gain Summary
FOR:,Entire Facility
Annual Building Sensible Heat Gain Components

,,HVAC Zone Eq & Other Sensible Air Heating [kWh],HVAC Zone Eq & Other Sensible Air Cooling [kWh],HVAC Terminal Unit Sensible Air Heating [kWh],HVAC Terminal Unit Sensible Air Cooling [kWh],HVAC Input Heated Surface Heating [kWh],HVAC Input Cooled Surface Cooling [kWh],People Sensible Heat Addition [kWh],Lights Sensible Heat Addition [kWh],Equipment Sensible Heat Addition [kWh],Window Heat Addition [kWh],Interzone Air Transfer Heat Addition [kWh],Infiltration Heat Addition [kWh],Opaque Surface Conduction and Other Heat Addition [kWh],Equipment Sensible Heat Removal [kWh],Window Heat Removal [kWh],Interzone Air Transfer Heat Removal [kWh],Infiltration Heat Removal [kWh],Opaque Surface Conduction and Other Heat Removal [kWh]
,ZN1,0.000,0.000,0.000,-352.81,0.000,0.000,85.844,123.379,104.774,356.900,0.000,3.115,0.065,0.000,-122.57,0.000,-42.30,-156.34
,Total Facility,0.000,0.000,0.000,-352.81,0.000,0.000,85.844,123.379,104.774,356.900,0.000,3.115,0.065,0.000,-122.57,0.000,-42.30,-156.34


Peak Cooling Sensible Heat Gain Components

,,Time of Peak {TIMESTAMP},HVAC Zone Eq & Other Sensible Air Heating [W],HVAC Zone Eq & Other Sensible Air Cooling [W],HVAC Terminal Unit Sensible Air Heating [W],HVAC Terminal Unit Sensible Air Cooling [W],HVAC Input Heated Surface Heating [W],HVAC Input Cooled Surface Cooling [W],People Sensible Heat Addition [W],Lights Sensible Heat Addition [W],Equipment Sensible Heat Addition [W],Window Heat Addition [W],Interzone Air Transfer Heat Addition [W],Infiltration Heat Addition [W],Opaque Surface Conduction and Other Heat Addition [W],Equipment Sensible Heat Removal [W],Window Heat Removal [W],Interzone Air Transfer Heat Removal [W],Infiltration Heat Removal [W],Opaque Surface Conduction and Other Heat Removal [W]
,ZN1,09-JAN-10:58,0.00,0.00,0.00,-3985.42,0.00,0.00,360.87,504.00,428.00,2463.41,0.00,0.00,231.31,0.00,-0.00,0.00,-2.18,0.00
,Total Facility,09-JAN-10:58,0.00,0.00,0.00,-3985.42,0.00,0.00,360.87,504.00,428.00,2463.41,0.00,0.00,231.31,0.00,0.00,0.00,-2.18,0.00


Peak Heating Sensible Heat Gain Components

,,Time of Peak {TIMESTAMP},HVAC Zone Eq & Other Sensible Air Heating [W],HVAC Zone Eq & Other Sensible Air Cooling [W],HVAC Terminal Unit Sensible Air Heating [W],HVAC Terminal Unit Sensible Air Cooling [W],HVAC Input Heated Surface Heating [W],HVAC Input Cooled Surface Cooling [W],People Sensible Heat Addition [W],Lights Sensible Heat Addition [W],Equipment Sensible Heat Addition [W],Window Heat Addition [W],Interzone Air Transfer Heat Addition [W],Infiltration Heat Addition [W],Opaque Surface Conduction and Other Heat Addition [W],Equipment Sensible Heat Removal [W],Window Heat Removal [W],Interzone Air Transfer Heat Removal [W],Infiltration Heat Removal [W],Opaque Surface Conduction and Other Heat Removal [W]
,ZN1,-,0.00,0.00,0.00,0.00,0.00,0.00,0.00,0.00,0.00,0.00,0.00,0.00,0.00,0.00,0.00,0.00,0.00,0.00
,Total Facility,-,0.00,0.00,0.00,0.00,0.00,0.00,0.00,0.00,0.00,0.00,0.00,0.00,0.00,0.00,0.00,0.00,0.00,0.00


----------------------------------------------------------------------------------------------------
REPORT:,Standard 62.1 Summary
FOR:,Entire Facility
System Ventilation Requirements for Cooling

,,Sum of Zone Primary Air Flow - Vpz-sum [m3/s],System Population - Ps,Sum of Zone Population - Pz-sum,Occupant Diversity - D,Uncorrected Outdoor Air Intake Airflow - Vou [m3/s],System Primary Airflow - Vps [m3/s],Average Outdoor Air Fraction - Xs,System Ventilation Efficiency - Ev,Outdoor Air Intake Flow - Vot [m3/s],Percent Outdoor Air - %OA
,ZN1_HVAC,0.281,5.60,5.60,1.00,0.0260,0.281,0.109,1.000,0.0260,0.09


System Ventilation Requirements for Heating

,,Sum of Zone Primary Air Flow - Vpz-sum [m3/s],System Population - Ps,Sum of Zone Population - Pz-sum,Occupant Diversity - D,Uncorrected Outdoor Air Intake Airflow - Vou [m3/s],System Primary Airflow - Vps [m3/s],Average Outdoor Air Fraction - Xs,System Ventilation Efficiency - Ev,Outdoor Air Intake Flow Vot [m3/s],Percent Outdoor Air - %OA
,ZN1_HVAC,0.032,5.60,5.60,1.00,0.0260,0.032,1.000,1.000,0.0260,0.81


Zone Ventilation Parameters

,,AirLoop Name,People Outdoor Air Rate - Rp [m3/s-person],Zone Population - Pz,Area Outdoor Air Rate - Ra [m3/s-m2],Zone Floor Area - Az [m2],Breathing Zone Outdoor Airflow - Vbz [m3/s],Cooling Zone Air Distribution Effectiveness - Ez-clg,Cooling Zone Outdoor Airflow - Voz-clg [m3/s],Heating Zone Air Distribution Effectiveness - Ez-htg,Heating Zone Outdoor Airflow - Voz-htg [m3/s]
,ZN1,ZN1_HVAC,0.000000,5.60,0.000000,40.00,0.0260,1.000,0.0260,1.000,0.0260


System Ventilation Parameters

,,People Outdoor Air Rate - Rp [m3/s-person],Sum of Zone Population - Pz-sum,Area Outdoor Air Rate - Ra [m3/s-m2],Sum of Zone Floor Area - Az-sum [m2],Breathing Zone Outdoor Airflow - Vbz [m3/s],Cooling Zone Outdoor Airflow - Voz-clg [m3/s],Heating Zone Outdoor Airflow - Voz-htg [m3/s]
,ZN1_HVAC,0.000000,5.60,0.000000,40.00,0.0260,0.0260,0.0260


Zone Ventilation Calculations for Cooling Design

,,AirLoop Name,Box Type,Zone Primary Airflow - Vpz [m3/s],Zone Discharge Airflow - Vdz [m3/s],Minimum Zone Primary Airflow - Vpz-min [m3/s],Zone Outdoor Airflow Cooling - Voz-clg [m3/s],Primary Outdoor Air Fraction - Zpz,Primary Air Fraction - Ep,Secondary Recirculation Fraction- Er,Supply Air Fraction- Fa,Mixed Air Fraction - Fb,Outdoor Air Fraction - Fc,Zone Ventilation Efficiency - Evz
,ZN1,ZN1_HVAC,,0.281,0.2809,0.0305,0.0260,0.000,1.000,0.000,0.000,0.000,0.000,1.000


System Ventilation Calculations for Cooling Design

,,Sum of Zone Primary Airflow - Vpz-sum [m3/s],System Primary Airflow - Vps [m3/s],Sum of Zone Discharge Airflow - Vdz-sum [m3/s],Sum of Min Zone Primary Airflow - Vpz-min [m3/s],Zone Outdoor Airflow Cooling - Voz-clg [m3/s],Zone Ventilation Efficiency - Evz-min
,ZN1_HVAC,0.28,0.281,0.28,0.0305,0.0260,1.000


Zone Ventilation Calculations for Heating Design

,,AirLoop Name,Box Type,Zone Primary Airflow - Vpz [m3/s],Zone Discharge Airflow - Vdz [m3/s],Minimum Zone Primary Airflow - Vpz-min [m3/s],Zone Outdoor Airflow Heating - Voz-htg [m3/s],Primary Outdoor Air Fraction - Zpz,Primary Air Fraction - Ep,Secondary Recirculation Fraction- Er,Supply Air Fraction- Fa,Mixed Air Fraction - Fb,Outdoor Air Fraction - Fc,Zone Ventilation Efficiency - Evz
,ZN1,ZN1_HVAC,,0.032,0.032,0.032,0.0260,0.806,1.000,0.000,0.000,0.000,0.000,1.000


System Ventilation Calculations for Heating Design

,,Sum of Zone Primary Airflow - Vpz-sum [m3/s],System Primary Airflow - Vps [m3/s],Sum of Zone Discharge Airflow - Vdz-sum [m3/s],Sum of Min Zone Primary Airflow - Vpz-min [m3/s],Zone Outdoor Airflow Heating - Voz-htg [m3/s],Zone Ventilation Efficiency - Evz-min
,ZN1_HVAC,0.03,0.032,0.03,0.03,0.0260,1.000


----------------------------------------------------------------------------------------------------
REPORT:,LEED Summary
FOR:,Entire Facility
Sec1.1A-General Information

,,Data
,Weather File,RUN PERIOD 1 ** São Paulo SP BRA INMET WMO#=837810
,Total gross floor area [m2],40.00


EAp2-1. Space Usage Type

,,Space Area [m2],Regularly Occupied Area [m2],Unconditioned Area [m2],Typical Hours/Week in Operation [hr/wk]
,ZN1,40.00,40.00,0.00,60.06
,Totals,40.00,40.00,0.00,


EAp2-2. Advisory Messages

,,Data
,Number of hours heating loads not met,0.00
,Number of hours cooling loads not met,29.50
,Number of hours not met,29.50


EAp2-3. Energy Type Summary

,,Utility Rate,Virtual Rate [$/unit energy],Units of Energy,Units of Demand
,None,,,,


EAp2-4/5. Performance Rating Method Compliance

,,Electric Energy Use [kWh],Electric Demand [W],Natural Gas Energy Use [kWh],Natural Gas Demand [W],Additional Energy Use [kWh],Additional Demand [W]
,Interior Lighting,123.38,504.00,0.00,0.00,0.00,0.00
,Exterior Lighting,0.00,0.00,0.00,0.00,0.00,0.00
,Space Heating,0.00,0.00,0.00,0.00,0.00,0.00
,Space Cooling,132.85,1069.09,0.00,0.00,0.00,0.00
,Pumps,0.00,0.00,0.00,0.00,0.00,0.00
,Heat Rejection,0.00,0.00,0.00,0.00,0.00,0.00
,Fans-Interior,9.75,77.02,0.00,0.00,0.00,0.00
,Fans-Parking Garage,0.00,0.00,0.00,0.00,0.00,0.00
,Service Water Heating,0.00,0.00,0.00,0.00,0.00,0.00
,Receptacle Equipment,104.77,428.00,0.00,0.00,0.00,0.00
,Interior Lighting-Process,0.00,0.00,0.00,0.00,0.00,0.00
,Refrigeration Equipment,0.00,0.00,0.00,0.00,0.00,0.00
,Cooking,0.00,0.00,0.00,0.00,0.00,0.00
,Industrial Process,0.00,0.00,0.00,0.00,0.00,0.00
,Elevators and Escalators,0.00,0.00,0.00,0.00,0.00,0.00
,Total Line,370.75,,0.00,,0.00,


EAp2-6. Energy Use Summary

,,Process Subtotal [kWh],Total Energy Use [kWh]
,Electricity,104.77,370.75
,Natural Gas,0.00,0.00
,Additional,0.00,0.00
,Total,104.77,370.75


EAp2-7. Energy Cost Summary

,,Process Subtotal [$],Total Energy Cost [$]
,Electricity,0.00,
,Natural Gas,0.00,
,Additional,0.00,
,Total,0.00,
Process energy cost based on ratio of process to total energy.


L-1. Renewable Energy Source Summary

,,Rated Capacity [kW],Annual Energy Generated [kWh]
,Photovoltaic,0.00,0.00
,Wind,0.00,0.00


EAp2-17a. Energy Use Intensity - Electricity

,,Electricty [kWh/m2]
,Interior Lighting,3.08
,Space Heating,0.00
,Space Cooling,3.32
,Fans-Interior,0.24
,Service Water Heating,0.00
,Receptacle Equipment,2.62
,Miscellaneous,0.00
,Subtotal,9.27


EAp2-17b. Energy Use Intensity - Natural Gas

,,Natural Gas [kWh/m2]
,Space Heating,0.00
,Service Water Heating,0.00
,Miscellaneous,0.00
,Subtotal,0.00


EAp2-17c. Energy Use Intensity - Additional

,,Additional [kWh/m2]
,Miscellaneous,0.00
,Subtotal,0.00


EAp2-18. End Use Percentage

,,Percent [%]
,Interior Lighting,33.28
,Space Heating,0.00
,Space Cooling,35.83
,Fans-Interior,2.63
,Service Water Heating,0.00
,Receptacle Equipment,28.26
,Miscellaneous,0.00


----------------------------------------------------------------------------------------------------
REPORT:,Component Sizing Summary
FOR:,Entire Facility
AirTerminal:SingleDuct:Uncontrolled

,,Design Size Maximum Air Flow Rate [m3/s]
,ZN1 AIR TERMINAL,0.280887
User-Specified values were used. Design Size values were used if no User-Specified values were provided.


AirLoopHVAC

,,Design Supply Air Flow Rate [m3/s]
,ZN1_HVAC,0.280887
User-Specified values were used. Design Size values were used if no User-Specified values were provided.


Controller:OutdoorAir

,,Maximum Outdoor Air Flow Rate [m3/s],Minimum Outdoor Air Flow Rate [m3/s]
,ZN1_HVAC OA CONTROLLER,0.280887,0.026000
User-Specified values were used. Design Size values were used if no User-Specified values were provided.


Coil:Cooling:DX:SingleSpeed

,,Design Size Rated Air Flow Rate [m3/s],Design Size Gross Rated Total Cooling Capacity [W],Design Size Gross Rated Sensible Heat Ratio
,ZN1_HVAC COOLING COIL,0.280887,4649.68,0.798655
User-Specified values were used. Design Size values were used if no User-Specified values were provided.


AirLoopHVAC:Unitary:Furnace:HeatCool

,,Supply Air Flow Rate [m3/s],Supply Air Flow Rate During Heating Operation [m3/s],Supply Air Flow Rate During Cooling Operation [m3/s],Supply Air Flow Rate When No Cooling or Heating is Needed [m3/s],Nominal Heating Capacity [W],Nominal Cooling Capacity [W],Fraction of Supply Air Flow That Goes Through the Controlling Zone
,ZN1_HVAC FURNACE WITH DX COOLING,0.280887,0.280887,0.280887,0.280887,1386.40,4649.68,1.00
User-Specified values were used. Design Size values were used if no User-Specified values were provided.


Fan:OnOff

,,Design Size Maximum Flow Rate [m3/s]
,ZN1_HVAC SUPPLY FAN,0.280887
User-Specified values were used. Design Size values were used if no User-Specified values were provided.


Coil:Heating:Electric

,,Design Size Nominal Capacity [W]
,ZN1_HVAC HEATING COIL,1386.40
User-Specified values were used. Design Size values were used if no User-Specified values were provided.


----------------------------------------------------------------------------------------------------
REPORT:,Surface Shadowing Summary
FOR:,Entire Facility
Surfaces (Walls, Roofs, etc) that may be Shadowed by Other Surfaces

,,None


Subsurfaces (Windows and Doors) that may be Shadowed by Surfaces

,,Possible Shadow Receivers
,ZN1_PAR4,ZN1_PAR4_JAN |
,ZN1_PAR1,ZN1_PAR1_JAN |


----------------------------------------------------------------------------------------------------
REPORT:,Adaptive Comfort Summary
FOR:,Entire Facility
Time Not Meeting the Adaptive Comfort Models during Occupied Hours

,,ASHRAE55 90% Acceptability Limits [Hours],ASHRAE55 80% Acceptability Limits  [Hours],CEN15251 Category I Acceptability Limits [Hours],CEN15251 Category II Acceptability Limits [Hours],CEN15251 Category III Acceptability Limits [Hours]
,OCCUPANCY,192.25,127.50,,,


----------------------------------------------------------------------------------------------------
REPORT:,Initialization Summary
FOR:,Entire Facility
Version

,,Version ID
,           1,8.7


Timesteps per Hour

,,#TimeSteps,Minutes per TimeStep {minutes}
,           1,4,15


System Convergence Limits

,,Minimum System TimeStep {minutes},Max HVAC Iterations,Minimum Plant Iterations,Maximum Plant Iterations
,           1,1,20,2,8


Simulation Control

,,Do Zone Sizing,Do System Sizing,Do Plant Sizing,Do Design Days,Do Weather Simulation,Do HVAC Sizing Simulation
,           1,Yes,Yes,No,Yes,Yes,No


Output Reporting Tolerances

,,Tolerance for Time Heating Setpoint Not Met,Tolerance for Zone Cooling Setpoint Not Met Time
,           1,0.200,0.200


Site:GroundTemperature:BuildingSurface

,,Jan{C},Feb{C},Mar{C},Apr{C},May{C},Jun{C},Jul{C},Aug{C},Sep{C},Oct{C},Nov{C},Dec{C}
,           1,18.00,18.00,18.00,18.00,18.00,18.00,18.00,18.00,18.00,18.00,18.00,18.00


Site:GroundTemperature:FCfactorMethod

,,Jan{C},Feb{C},Mar{C},Apr{C},May{C},Jun{C},Jul{C},Aug{C},Sep{C},Oct{C},Nov{C},Dec{C}
,           1,22.10,21.61,20.68,19.80,18.15,17.29,17.06,17.51,18.54,19.82,21.06,21.88


Site:GroundTemperature:Shallow

,,Jan{C},Feb{C},Mar{C},Apr{C},May{C},Jun{C},Jul{C},Aug{C},Sep{C},Oct{C},Nov{C},Dec{C}
,           1,13.00,13.00,13.00,13.00,13.00,13.00,13.00,13.00,13.00,13.00,13.00,13.00


Site:GroundTemperature:Deep

,,Jan{C},Feb{C},Mar{C},Apr{C},May{C},Jun{C},Jul{C},Aug{C},Sep{C},Oct{C},Nov{C},Dec{C}
,           1,16.00,16.00,16.00,16.00,16.00,16.00,16.00,16.00,16.00,16.00,16.00,16.00


Site:GroundReflectance

,,Jan{dimensionless},Feb{dimensionless},Mar{dimensionless},Apr{dimensionless},May{dimensionless},Jun{dimensionless},Jul{dimensionless},Aug{dimensionless},Sep{dimensionless},Oct{dimensionless},Nov{dimensionless},Dec{dimensionless}
,           1,0.20,0.20,0.20,0.20,0.20,0.20,0.20,0.20,0.20,0.20,0.20,0.20


Site:GroundReflectance:SnowModifier

,,Normal,Daylighting {dimensionless}
,           1,1.000,1.000


Site:GroundReflectance:Snow

,,Jan{dimensionless},Feb{dimensionless},Mar{dimensionless},Apr{dimensionless},May{dimensionless},Jun{dimensionless},Jul{dimensionless},Aug{dimensionless},Sep{dimensionless},Oct{dimensionless},Nov{dimensionless},Dec{dimensionless}
,           1,0.20,0.20,0.20,0.20,0.20,0.20,0.20,0.20,0.20,0.20,0.20,0.20


Site:GroundReflectance:Snow:Daylighting

,,Jan{dimensionless},Feb{dimensionless},Mar{dimensionless},Apr{dimensionless},May{dimensionless},Jun{dimensionless},Jul{dimensionless},Aug{dimensionless},Sep{dimensionless},Oct{dimensionless},Nov{dimensionless},Dec{dimensionless}
,           1,0.20,0.20,0.20,0.20,0.20,0.20,0.20,0.20,0.20,0.20,0.20,0.20


Environment:Weather Station

,,Wind Sensor Height Above Ground {m},Wind Speed Profile Exponent {},Wind Speed Profile Boundary Layer Thickness {m},Air Temperature Sensor Height Above Ground {m},Wind Speed Modifier Coefficient-Internal,Temperature Modifier Coefficient-Internal
,           1,10.000,0.140,270.000,1.500,1.586,9.750E-003


Site:Location

,,Location Name,Latitude {N+/S- Deg},Longitude {E+/W- Deg},Time Zone Number {GMT+/-},Elevation {m},Standard Pressure at Elevation {Pa},Standard RhoAir at Elevation
,           1,São Paulo SP BRA INMET WMO#=837810,-23.85,-46.64,-3.00,792.00,92165,1.0954


Building Information

,,Building Name,North Axis {deg},Terrain,Loads Convergence Tolerance Value,Temperature Convergence Tolerance Value,Solar Distribution,Maximum Number of Warmup Days,Minimum Number of Warmup Days
,           1,MM_split_NVtemperature,0.000,City,4.00000E-002,0.40000,FullInteriorAndExterior,25,6


Inside Convection Algorithm

,,Algorithm {Simple
,,TARP
,,CeilingDiffuser
,,AdaptiveConvectionAlgorithm}
,           1,TARP


Outside Convection Algorithm

,,Algorithm {SimpleCombined
,,TARP
,,MoWitt
,,DOE-2
,,AdaptiveConvectionAlgorithm}
,           1,DOE-2


Sky Radiance Distribution

,,Value {Anisotropic}
,           1,Anisotropic


Zone Air Solution Algorithm

,,Value {ThirdOrderBackwardDifference
,,AnalyticalSolution
,,EulerMethod}
,           1,ThirdOrderBackwardDifference


Zone Air Carbon Dioxide Balance Simulation

,,Simulation {Yes/No},Carbon Dioxide Concentration
,           1,No,N/A


Zone Air Generic Contaminant Balance Simulation

,,Simulation {Yes/No},Generic Contaminant Concentration
,           1,No,N/A


Zone Air Mass Flow Balance Simulation

,,Enforce Mass Balance,Adjust Zone Mixing,Adjust Zone Infiltration {AddInfiltration,Infiltration Zones {MixingSourceZonesOnly
,,,,AdjustInfiltration,AllZones}
,,,,None},
,           1,No,N/A,N/A,N/A


Environment:Site Atmospheric Variation

,,Wind Speed Profile Exponent {},Wind Speed Profile Boundary Layer Thickness {m},Air Temperature Gradient Coefficient {K/m}
,           1,0.330,460.000,6.500000E-003


Surface Geometry

,,Starting Corner,Vertex Input Direction,Coordinate System,Daylight Reference Point Coordinate System,Rectangular (Simple) Surface Coordinate System
,           1,UpperLeftCorner,Counterclockwise,RelativeCoordinateSystem,RelativeCoordinateSystem,RelativeToZoneOrigin


Surface Heat Transfer Algorithm

,,Value {CTF - ConductionTransferFunction,Inside Surface Max Temperature Limit{C},Surface Convection Coefficient Lower Limit {W/m2-K},Surface Convection Coefficient Upper Limit {W/m2-K}
,,EMPD - MoisturePenetrationDepthConductionTransferFunction,,,
,,CondFD - ConductionFiniteDifference,,,
,,HAMT - CombinedHeatAndMoistureFiniteElement} - Description,,,
,           1,CTF - ConductionTransferFunction,200,0.10,1000.0


Shading Summary

,,Number of Fixed Detached Shades,Number of Building Detached Shades,Number of Attached Shades
,           1,0,0,0


Zone Summary

,,Number of Zones,Number of Zone Surfaces,Number of SubSurfaces
,           1,1,8,2


Zone Information

,,Zone Name,North Axis {deg},Origin X-Coordinate {m},Origin Y-Coordinate {m},Origin Z-Coordinate {m},Centroid X-Coordinate {m},Centroid Y-Coordinate {m},Centroid Z-Coordinate {m},Type,Zone Multiplier,Zone List Multiplier,Minimum X {m},Maximum X {m},Minimum Y {m},Maximum Y {m},Minimum Z {m},Maximum Z {m},Ceiling Height {m},Volume {m3},Zone Inside Convection Algorithm {Simple-Detailed-CeilingDiffuser-TrombeWall},Zone Outside Convection Algorithm {Simple-Detailed-Tarp-MoWitt-DOE-2-BLAST},Floor Area {m2},Exterior Gross Wall Area {m2},Exterior Net Wall Area {m2},Exterior Window Area {m2},Number of Surfaces,Number of SubSurfaces,Number of Shading SubSurfaces,Part of Total Building Area
,           1,ZN1,225.0,0.00,0.00,13.50,-4.60,-1.06,14.85,1,1,1,-9.19,0.00,-5.66,3.54,13.50,16.20,2.70,108.00,TARP,DOE-2,40.00,35.10,24.57,10.53,6,2,0,Yes


Zone Internal Gains Nominal

,,Zone Name,Floor Area {m2},# Occupants,Area per Occupant {m2/person},Occupant per Area {person/m2},Interior Lighting {W/m2},Electric Load {W/m2},Gas Load {W/m2},Other Load {W/m2},Hot Water Eq {W/m2},Steam Equipment {W/m2},Sum Loads per Area {W/m2},Outdoor Controlled Baseboard Heat
,           1,ZN1,40.00,5.6,7.143,0.140,12.600,10.700,0.000,0.000,0.000,0.000,23.300,No


People Internal Gains Nominal

,,Name,Schedule Name,Zone Name,Zone Floor Area {m2},# Zone Occupants,Number of People {},People/Floor Area {person/m2},Floor Area per person {m2/person},Fraction Radiant,Fraction Convected,Sensible Fraction Calculation,Activity level,ASHRAE 55 Warnings,Carbon Dioxide Generation Rate,Nominal Minimum Number of People,Nominal Maximum Number of People
,           1,OCCUPANCY,SCH_OCUP,ZN1,40.00,5.6,5.6,0.140,7.143,0.300,0.700,AutoCalculate,SCH_ACTICITY,Yes,3.8200E-008,0,6


Lights Internal Gains Nominal

,,Name,Schedule Name,Zone Name,Zone Floor Area {m2},# Zone Occupants,Lighting Level {W},Lights/Floor Area {W/m2},Lights per person {W/person},Fraction Return Air,Fraction Radiant,Fraction Short Wave,Fraction Convected,Fraction Replaceable,End-Use Category,Nominal Minimum Lighting Level {W},Nominal Maximum Lighting Level {W}
,           1,LIGHTS,SCH_LIGHT_EQUIP,ZN1,40.00,5.6,504.000,12.600,90.000,0.310,0.220,0.200,0.270,1.000,General,0.000,504.000


ElectricEquipment Internal Gains Nominal

,,Name,Schedule Name,Zone Name,Zone Floor Area {m2},# Zone Occupants,Equipment Level {W},Equipment/Floor Area {W/m2},Equipment per person {W/person},Fraction Latent,Fraction Radiant,Fraction Lost,Fraction Convected,End-Use SubCategory,Nominal Minimum Equipment Level {W},Nominal Maximum Equipment Level {W}
,           1,EQUIPMENT,SCH_LIGHT_EQUIP,ZN1,40.00,5.6,428.000,10.700,76.429,0.000,0.500,0.000,0.500,General,0.000,428.000


Shadowing/Sun Position Calculations Annual Simulations

,,Calculation Method,Value {days},Allowable Number Figures in Shadow Overlap {},Polygon Clipping Algorithm,Sky Diffuse Modeling Algorithm
,           1,AverageOverDaysInFrequency,20,15000,SutherlandHodgman,SimpleSkyDiffuseModeling


RoomAir Model

,,Zone Name,Mixing/Mundt/UCSDDV/UCSDCV/UCSDUFI/UCSDUFE/User Defined
,           1,ZN1,Mixing/Well-Stirred


AirflowNetwork Model:Control

,,No Multizone or Distribution/Multizone with Distribution/Multizone without Distribution/Multizone with Distribution only during Fan Operation
,           1,MultizoneWithoutDistribution


AirflowNetwork Model:Wind Direction

,,Wind Direction #1 to n (degree)
,           1,0.0


AirflowNetwork Model:Wind Pressure Coefficients

,,Name,Wind Pressure Coefficients #1 to n (dimensionless)
,           1,!WPCTABLE1,0.60
,           2,!WPCTABLE2,-0.35


Zone Volume Capacitance Multiplier

,,Sensible Heat Capacity Multiplier,Moisture Capacity Multiplier,Carbon Dioxide Capacity Multiplier,Generic Contaminant Capacity Multiplier
,           1,1.000,1.000,1.000,1.000


Load Timesteps in Zone Design Calculation Averaging Window

,,Value
,           1,4


Heating Sizing Factor Information

,,Sizing Factor ID,Value
,           1,Global,1.0000


Cooling Sizing Factor Information

,,Sizing Factor ID,Value
,           1,Global,1.0000


Zone Sizing Information

,,Zone Name,Load Type,Calc Des Load {W},User Des Load {W},Calc Des Air Flow Rate {m3/s},User Des Air Flow Rate {m3/s},Design Day Name,Date/Time of Peak,Temperature at Peak {C},Humidity Ratio at Peak {kgWater/kgDryAir},Floor Area {m2},# Occupants,Calc Outdoor Air Flow Rate {m3/s},Calc DOAS Heat Addition Rate {W}
,           1,ZN1,Cooling,3449.32783,3449.32783,0.28089,0.28089,SAO PAULO AEROPORTO ANN CLG 1% CONDNS DB=>MWB,2/21 10:15:00,28.15725,1.22166E-002,40.00000,5.60000,2.60000E-002,0.00000
,           2,ZN1,Heating,1081.66273,1081.66273,3.22761E-002,3.22761E-002,SAO PAULO AEROPORTO ANN HTG 99.6% CONDNS DB,7/21 07:00:00,8.80000,5.50706E-003,40.00000,5.60000,2.60000E-002,0.00000


System Sizing Information

,,System Name,Field Description,Value
,           1,ZN1_HVAC,Calculated Cooling Design Air Flow Rate [m3/s],0.28089
,           2,ZN1_HVAC,User Cooling Design Air Flow Rate [m3/s],0.28089
,           3,ZN1_HVAC,Calculated Heating Design Air Flow Rate [m3/s],0.03228
,           4,ZN1_HVAC,User Heating Design Air Flow Rate [m3/s],0.03228


Component Sizing Information

,,Component Type,Component Name,Input Field Description,Value
,           1,AirTerminal:SingleDuct:Uncontrolled,ZN1 AIR TERMINAL,Design Size Maximum Air Flow Rate [m3/s],0.28089
,           2,AirLoopHVAC,ZN1_HVAC,Design Supply Air Flow Rate [m3/s],0.28089
,           3,Controller:OutdoorAir,ZN1_HVAC OA CONTROLLER,Maximum Outdoor Air Flow Rate [m3/s],0.28089
,           4,Controller:OutdoorAir,ZN1_HVAC OA CONTROLLER,Minimum Outdoor Air Flow Rate [m3/s],0.02600
,           5,Coil:Cooling:DX:SingleSpeed,ZN1_HVAC COOLING COIL,Design Size Rated Air Flow Rate [m3/s],0.28089
,           6,Coil:Cooling:DX:SingleSpeed,ZN1_HVAC COOLING COIL,Design Size Gross Rated Total Cooling Capacity [W],4649.68198
,           7,Coil:Cooling:DX:SingleSpeed,ZN1_HVAC COOLING COIL,Design Size Gross Rated Sensible Heat Ratio,0.79866
,           8,AirLoopHVAC:Unitary:Furnace:HeatCool,ZN1_HVAC FURNACE WITH DX COOLING,Supply Air Flow Rate [m3/s],0.28089
,           9,AirLoopHVAC:Unitary:Furnace:HeatCool,ZN1_HVAC FURNACE WITH DX COOLING,Supply Air Flow Rate During Heating Operation [m3/s],0.28089
,          10,AirLoopHVAC:Unitary:Furnace:HeatCool,ZN1_HVAC FURNACE WITH DX COOLING,Supply Air Flow Rate During Cooling Operation [m3/s],0.28089
,          11,AirLoopHVAC:Unitary:Furnace:HeatCool,ZN1_HVAC FURNACE WITH DX COOLING,Supply Air Flow Rate When No Cooling or Heating is Needed [m3/s],0.28089
,          12,AirLoopHVAC:Unitary:Furnace:HeatCool,ZN1_HVAC FURNACE WITH DX COOLING,Nominal Heating Capacity [W],1386.40344
,          13,AirLoopHVAC:Unitary:Furnace:HeatCool,ZN1_HVAC FURNACE WITH DX COOLING,Nominal Cooling Capacity [W],4649.68198
,          14,AirLoopHVAC:Unitary:Furnace:HeatCool,ZN1_HVAC FURNACE WITH DX COOLING,Fraction of Supply Air Flow That Goes Through the Controlling Zone,1.00000
,          15,Fan:OnOff,ZN1_HVAC SUPPLY FAN,Design Size Maximum Flow Rate [m3/s],0.28089
,          16,Coil:Heating:Electric,ZN1_HVAC HEATING COIL,Design Size Nominal Capacity [W],1386.40344


DX Cooling Coil Standard Rating Information

,,Component Type,Component Name,Standard Rating (Net) Cooling Capacity {W},Standard Rated Net COP {W/W},EER {Btu/W-h},SEER {Btu/W-h},IEER {Btu/W-h}
,           1,Coil:Cooling:DX:SingleSpeed,ZN1_HVAC COOLING COIL,4431.7,2.68,9.15,9.70,9.24


Environment

,,Environment Name,Environment Type,Start Date,End Date,Start DayOfWeek,Duration {#days},Source:Start DayOfWeek,Use Daylight Saving,Use Holidays,Apply Weekend Holiday Rule,Use Rain Values,Use Snow Values
,           1,SAO PAULO AEROPORTO ANN HTG 99.6% CONDNS DB,SizingPeriod:DesignDay,07/21,07/21,WinterDesignDay,1,N/A,N/A,N/A,N/A,N/A,N/A
,           2,SAO PAULO AEROPORTO ANN CLG 1% CONDNS DB=>MWB,SizingPeriod:DesignDay,02/21,02/21,SummerDesignDay,1,N/A,N/A,N/A,N/A,N/A,N/A
,           3,SAO PAULO AEROPORTO ANN CLG 1% CONDNS WB=>MDB,SizingPeriod:DesignDay,02/21,02/21,SummerDesignDay,1,N/A,N/A,N/A,N/A,N/A,N/A
,           4,RUN PERIOD 1,WeatherFileRunPeriod,01/01,01/31,Sunday,31,Use RunPeriod Specified Day,No,No,No,Yes,No


Environment:Daylight Saving

,,Daylight Saving Indicator,Source,Start Date,End Date
,           1,No,SizingPeriod:DesignDay,,
,           2,No,SizingPeriod:DesignDay,,
,           3,No,SizingPeriod:DesignDay,,
,           4,No,RunPeriod Object,,


Environment:WarmupDays

,,NumberofWarmupDays
,           1,6
,           2,6
,           3,7
,           4,6


Environment:Design Day Data

,,Max Dry-Bulb Temp {C},Temp Range {dC},Temp Range Ind Type,Hum Ind Value at Max Temp,Hum Ind Type,Pressure {Pa},Wind Direction {deg CW from N},Wind Speed {m/s},Clearness,Rain,Snow
,           1,8.80,0.00,DefaultMultipliers,92040,160,2.3,0.00,No,No,,
,           2,31.00,8.30,DefaultMultipliers,92040,330,3.4,1.00,No,No,,
,           3,27.10,8.30,DefaultMultipliers,92040,330,3.4,1.00,No,No,,


Environment:Design Day Misc

,,DayOfYear,ASHRAE A Coeff,ASHRAE B Coeff,ASHRAE C Coeff,Solar Constant-Annual Variation,Eq of Time {minutes},Solar Declination Angle {deg},Solar Model
,           1,202,1084.4,0.1414,5.7173E-002,1.0,-6.23,20.6,ASHRAEClearSky
,           2,52,1214.6,0.1988,0.1199,1.0,-13.80,-10.8,ASHRAEClearSky
,           3,52,1214.6,0.1988,0.1199,1.0,-13.80,-10.8,ASHRAEClearSky


Warmup Convergence Information

,,Zone Name,Environment Type/Name,Average Warmup Temperature Difference {deltaC},Std Dev Warmup Temperature Difference {deltaC},Max Temperature Pass/Fail Convergence,Min Temperature Pass/Fail Convergence,Average Warmup Load Difference {W},Std Dev Warmup Load Difference {W},Heating Load Pass/Fail Convergence,Cooling Load Pass/Fail Convergence
,           1,ZN1,SizingPeriod: SAO PAULO AEROPORTO ANN HTG 99.6% CONDNS DB,0.1576771045,0.5696518155,Pass,Pass,3.3419714855E-002,9.8326606035E-002,Pass,Pass
,           2,ZN1,SizingPeriod: SAO PAULO AEROPORTO ANN CLG 1% CONDNS DB=>MWB,0.2286426320,0.5284795621,Pass,Pass,4.6302269944E-002,0.1664138142,Pass,Pass
,           3,ZN1,SizingPeriod: SAO PAULO AEROPORTO ANN CLG 1% CONDNS WB=>MDB,0.2510625268,0.4810094413,Pass,Pass,0.1276567737,0.3011557750,Pass,Pass
,           4,ZN1,RunPeriod: RUN PERIOD 1,0.1612319623,0.1537130044,Pass,Pass,0.0000000000,0.0000000000,Pass,Pass


